-1.7239759346510073,0.8728676458471412,0.28495326149216554,1.2546385680911576,-0.6924419235483906,-1.127082012114992,-0.6717054646183225,-0.14576634040507527,-0.35287682825777533,-0.58645090167281,0
-1.7077883671894953,-0.24933346932121234,0.5918171803695952,0.6361680303200007,-0.17046023236518446,0.10231906666480764,-0.026213246507611192,-0.7937337619212451,-0.35287682825777533,-0.58645090167281,0
-1.6916007997279836,-0.7213180559950695,0.14993313718609505,0.6014224944901602,0.19091170768472734,0.4387867303308453,-0.16453300753133498,-0.8289493826558194,-0.35287682825777533,-0.58645090167281,0
-1.6754132322664719,-0.23283051174524486,-0.24285267897701304,0.698709994813713,-0.310993764606817,-0.05297370118106723,0.11210651451611262,-0.519051920191564,-0.35287682825777533,-0.58645090167281,0
-1.65922566480496,-0.3120447081100793,-0.1692053384464315,0.6500662446519367,-0.411374859065126,0.5552563062152515,0.08136878984417412,-0.6246987823952875,-0.35287682825777533,-0.58645090167281,0
-1.6430380973434482,-0.7939310693294582,-0.7583840626910969,0.6431171374859685,0.3515214588180217,0.412904602356539,0.21968855086789793,-0.6246987823952875,-0.35287682825777533,2.0881497679235133,0
-1.6268505298819365,-0.3087441165949298,-0.13238166818113856,0.6361680303200007,-0.612137047981744,0.5681973702024138,0.12747537685208193,-0.554267540926139,-0.35287682825777533,-0.58645090167281,0
-1.6106629624204245,-0.2658364268972531,-0.31650001950759676,0.6431171374859685,-0.7928230180066996,0.762313330009739,0.11210651451611262,-0.5049656718977344,-0.35287682825777533,-0.58645090167281,0
-1.5944753949589128,0.26885939856532437,0.7759355316960512,0.6222698159880645,-0.15038401347352268,-0.7388500925003233,0.09673765218014345,-0.46270692701624483,-0.35287682825777533,-0.58645090167281,0
-1.578287827497401,-0.2691370184124759,-0.500618370834055,0.6361680303200007,-0.17046023236518446,0.4387867303308453,0.11210651451611262,-0.3922756855470962,-0.35287682825777533,0.5451109200794807,0
-1.562100260035889,-0.8764458572094422,-0.8443059599767754,0.5388805299964478,0.23106414546805093,0.7105490740611263,0.26579513787580594,-0.6106125341014581,-0.35287682825777533,1.8824112548776422,0
-1.5459126925743774,-0.24273228629084,-0.7461095059359978,0.677862673315809,-0.3511462023901406,0.4646688583051701,0.1582131015240206,-0.2795856991964578,-0.35287682825777533,-0.58645090167281,0
-1.5297251251128656,-0.8170352099358713,-0.6479130518952202,0.5180332084985437,-0.09015535679853774,0.8140775859583701,0.2965328625477444,-0.6387850306891171,-0.35287682825777533,1.8824112548776422,0
-1.513537557651354,-0.29224115901888903,-0.6724621654054163,0.6083716016561284,-0.3511462023901406,0.7234901380482703,0.0659999275082048,-0.4063619338409256,-0.35287682825777533,1.1623264592170939,0
-1.497349990189842,-0.24273228629084,-0.9793260842828458,0.6292189231540324,-0.27084132682349343,0.8270186499455324,0.12747537685208193,-0.32184444407794754,-0.35287682825777533,-0.58645090167281,0
-1.4811624227283302,-0.24933346932121234,-0.7338349491809009,0.5944733873241923,-0.4314510779567878,0.762313330009739,0.12747537685208193,-0.3993188096940109,-0.35287682825777533,-0.58645090167281,0
-1.4649748552668185,-0.17341986447167398,-0.8934041869971653,0.6848117804817769,-0.5719846101984203,0.5940794981767201,0.17358196385998995,-0.18098196113965023,-0.35287682825777533,-0.58645090167281,0
-1.4487872878053065,1.186423839791256,1.1687213478591614,0.809895709469202,-1.114042520273288,-1.6706066995755358,-0.5333857035945987,0.13595862547152054,-0.35287682825777533,-0.58645090167281,0
-1.4325997203437948,0.2457552579589113,0.6040917371246921,0.7265064234775853,-0.5318321724150967,-0.6870858365516923,-0.6717054646183225,-0.04716260234826643,-0.35287682825777533,-0.58645090167281,0
-1.416412152882283,-0.3351488487164924,-0.47606925732386113,0.5944733873241923,0.4920549910596538,0.10231906666480764,0.0659999275082048,-0.3641031889594372,-0.35287682825777533,0.1336338939877387,0
-1.400224585420771,-0.2856399759884434,-0.7215603924258039,0.6014224944901602,0.09053061322641838,0.12820119463911397,0.0659999275082048,-0.30775819578411806,-0.35287682825777533,1.3680649722629648,0
-1.3840370179592594,0.4272877912949933,1.6719781748181461,0.7404046378095214,-2.3186156537729943,-0.8164964764232607,-0.7178120516262305,0.030311763267796957,-0.35287682825777533,-0.58645090167281,0
-1.3678494504977476,-0.3318482572012696,-0.7706586194461938,0.6500662446519367,-0.310993764606817,0.17996545058774507,0.14284423918805128,-0.18098196113965023,-0.35287682825777533,-0.58645090167281,0
-1.3516618830362357,-0.2823393844732206,-0.7338349491809009,0.6153207088220963,-0.19053645125684626,0.477609922292314,0.18895082619595926,-0.2584563267557136,-0.35287682825777533,-0.58645090167281,0
-1.335474315574724,-0.38465772144446814,-0.03418521414036099,0.5666769586603201,-0.5920608290900821,0.2576118345106641,0.00452447816432747,-0.37114631310635193,-0.35287682825777533,-0.58645090167281,0
-1.3192867481132122,-0.23943169477569048,-0.5251674843442489,0.5944733873241923,-0.47160351574011133,0.4517277943180077,0.23505741320386725,-0.3007150716372033,-0.35287682825777533,-0.58645090167281,0
-1.3030991806517003,-0.14371454083481527,-0.24285267897701304,0.5527787443283839,-0.07007913790687595,-0.014150509219598512,0.14284423918805128,-0.37114631310635193,-0.35287682825777533,-0.58645090167281,0
-1.2869116131901885,-0.3813571299293186,-0.6601876086503193,0.5527787443283839,-0.23068888904016985,0.5034920502666388,0.09673765218014345,-0.37114631310635193,-0.35287682825777533,-0.58645090167281,0
-1.2707240457286768,-0.22622932871487253,-1.0406988680583305,0.5805751729922561,-0.029926700123552367,0.6458437541253512,0.11210651451611262,-0.2936719474902886,-0.35287682825777533,-0.58645090167281,0
-1.2545364782671649,-0.17341986447167398,-0.40242191679327743,0.5597278514943521,-0.3310699834984788,0.2705528984978265,0.1582131015240206,-0.32888756822486226,-0.35287682825777533,-0.58645090167281,0
-1.2383489108056531,-0.22622932871487253,-0.930227857262456,0.6083716016561284,-0.2909175457151552,0.5552563062152515,0.17358196385998995,-0.18802508528656497,-0.35287682825777533,0.8537186896482875,0
-1.2221613433441414,-0.2955417505340385,-0.6970112789156101,0.5666769586603201,-0.612137047981744,0.8011365219712078,0.09673765218014345,-0.2866288233433726,-0.35287682825777533,-0.58645090167281,0
-1.2059737758826294,-0.20312518810845942,-0.6847367221605132,0.5527787443283839,-0.4314510779567878,0.412904602356539,0.17358196385998995,-0.2795856991964578,-0.17144576279475474,1.6766727418317715,0
-1.1897862084211177,-0.27573820144292155,-1.0284243113032336,0.5458296371624161,-0.13030779458186134,0.9564292898170826,0.1582131015240206,-0.2866288233433726,-0.35287682825777533,0.030764637464803086,0
-1.173598640959606,-0.1767204559868235,-0.8811296302420684,0.5944733873241923,-0.21061267014850804,0.38702247438223264,0.11210651451611262,-0.14576634040507527,-0.35287682825777533,-0.58645090167281,0
-1.157411073498094,-0.8896482232702602,-0.14465622493623767,0.5319314228304799,-0.47160351574011133,0.1152601306519516,0.09673765218014345,-0.2725425750495431,-0.35287682825777533,-0.58645090167281,0
-1.1412235060365823,0.23915407492853896,0.5918171803695952,0.5875242801582241,-0.25076510793183165,-1.0882588201535235,0.0198933405002968,-0.12463696796433106,-0.1311277482474168,-0.58645090167281,0
-1.1250359385750706,-0.13051217477399732,-0.8197568464665815,0.5527787443283839,-0.19053645125684626,0.3999635383693766,0.21968855086789793,-0.19506820943347972,-0.35287682825777533,-0.58645090167281,0
-1.1088483711135586,1.2425338955496774,0.9846029965327054,0.7890483879712976,-1.9572437137230827,-1.1400230761021544,-0.5948611529384759,0.4317698396419459,-0.35287682825777533,-0.58645090167281,0
-1.0926608036520469,1.2425338955496774,0.9846029965327054,0.7890483879712976,-1.9572437137230827,-1.1400230761021544,-0.5948611529384759,0.4317698396419459,-0.35287682825777533,-0.58645090167281,0
-1.0764732361905351,-0.14371454083481527,-0.7583840626910969,0.5666769586603201,-0.6522894857650671,0.4905509862794764,0.21968855086789793,-0.1316800921112458,-0.35287682825777533,-0.58645090167281,0
-1.0602856687290232,-0.2691370184124759,-0.8565805167318723,0.5110841013325755,-0.49167973463177317,0.7105490740611263,0.14284423918805128,-0.22324070602113866,-0.35287682825777533,-0.58645090167281,0
-1.0440981012675115,-0.18992282204764147,-0.24285267897701304,0.4902367798346715,-0.23068888904016985,0.14114225862627636,0.14284423918805128,-0.2584563267557136,-0.35287682825777533,-0.58645090167281,0
-1.0279105338059997,1.2326321210040823,0.39542427228804006,0.8029466023032338,-1.4553382414315383,-1.1529641400892985,-0.50264797892266,0.5515029501394989,-0.35287682825777533,-0.58645090167281,0
-1.0117229663444878,-0.16681868144122838,-0.8320314032216785,0.5180332084985437,-0.511755953523435,0.38702247438223264,0.18895082619595926,-0.13872321625816053,-0.35287682825777533,2.4996267940152554,0
-0.995535398882976,0.20944875129168022,0.10083491016570735,0.5527787443283839,-0.19053645125684626,-0.9070839243333422,0.08136878984417412,0.030311763267796957,-0.35287682825777533,-0.58645090167281,0
-0.9793478314214642,0.1071304143204327,-0.2674017924872091,0.4763385655027354,-0.5318321724150967,0.08937800267764527,0.11210651451611262,-0.08942134722975612,-0.35287682825777533,1.0594572026941584,0
-0.9631602639599524,2.7410024434510127,0.7145627479205666,0.7056591019796813,-1.4754144603232,-1.398844355845273,-0.7331809139621998,0.6078479433148181,-0.35287682825777533,0.44224166355654526,0
-0.9469726964984406,1.2755398107016858,-0.24285267897701304,0.7543028521414575,-1.3148047091899058,-0.8553196683847295,-0.5641234282665373,0.7487104262531153,-0.35287682825777533,-0.58645090167281,0
-0.9307851290369288,0.2028475682613079,0.21130592096158182,0.4624403511707993,-0.4314510779567878,-0.7388500925003233,0.14284423918805128,-0.03307635405443695,-0.35287682825777533,-0.58645090167281,0
-0.9145975615754169,1.5956971876762462,0.38314971553294314,0.7195573163116173,-1.8769388381564356,-1.1659052040764608,-0.6255988776104144,0.7768829228407756,-0.35287682825777533,1.0594572026941584,0
-0.8984099941139052,0.2952641306869603,-0.25512723573211216,0.4485421368388632,-0.3310699834984788,-0.37650030085996095,0.1582131015240206,0.1289155013246058,-0.35287682825777533,0.5451109200794807,0
-0.8822224266523934,-0.09420566810683956,0.027187569635123626,0.12888320720433272,-0.511755953523435,0.24467077052352013,0.08136878984417412,0.051441135708541176,-0.35287682825777533,-0.58645090167281,0
-0.8660348591908815,0.001511485834035641,-0.3287745762626937,0.10803588570642837,-0.3310699834984788,0.2576118345106641,0.08136878984417412,0.07961363229620139,-0.35287682825777533,-0.58645090167281,0
-0.8498472917293698,-0.1932234135628643,-0.24285267897701304,0.08718856420852435,-0.310993764606817,0.42584566634370136,0.0198933405002968,0.044398011561626434,-0.35287682825777533,0.33937240703360966,0
-0.833659724267858,-0.2229287371996497,-1.175718992364401,0.01769749254884374,-0.310993764606817,1.3576022734189137,0.09673765218014345,0.07257050814928664,-0.35287682825777533,1.8824112548776422,0
-0.8174721568063461,-2.0514564366210677,-0.512892927589152,0.5458296371624161,-0.6522894857650671,0.42584566634370136,0.18895082619595926,-0.4274913062816711,-0.35287682825777533,2.602496050538191,0
-0.8012845893448344,-0.041396203863567745,-0.6601876086503193,0.5527787443283839,-0.310993764606817,0.38702247438223264,0.1582131015240206,-0.37114631310635193,-0.35287682825777533,-0.58645090167281,0
-0.7850970218833225,-0.2724376099276987,0.08856035341061043,0.7334555306435535,-0.5519083913067585,0.4387867303308453,0.14284423918805128,-0.6528712789829477,-0.35287682825777533,-0.58645090167281,0
-0.7689094544218107,-0.2724376099276987,-0.021910657385264067,0.677862673315809,-0.511755953523435,0.17996545058774507,0.11210651451611262,-0.4838362994569903,-0.35287682825777533,0.5451109200794807,0
-0.752721886960299,0.225951708867721,0.2358550344717757,0.6500662446519367,-0.6723657046567288,-0.014150509219598512,-0.5487545659305679,-0.13872321625816053,-0.35287682825777533,-0.58645090167281,0
-0.7365343194987871,0.4635942979622243,0.4936207263288176,0.6222698159880645,-0.25076510793183165,-1.2047283960379296,-0.5794922906025066,-0.20211133358039446,1.0380946736253827,-0.58645090167281,0
-0.7203467520372754,1.1072096434264949,0.12538402367590118,0.81684481663517,-1.1341187391649499,-1.1141409481278297,-0.41043480490684403,0.4106404672012004,-0.35287682825777533,0.5451109200794807,0
-0.7041591845757635,1.2887421767625036,0.9355047695123155,0.7820992808053298,-1.3348809280815674,-1.683547763562698,-0.7639186386341383,0.516287329404924,-0.35287682825777533,-0.58645090167281,0
-0.6879716171142517,1.1072096434264949,0.08856035341061043,0.7334555306435535,-1.0939663013816263,-0.8294375404104047,-0.48727911658669065,0.45994233622960484,-0.35287682825777533,0.1336338939877387,0
-0.67178404965274,0.8662664628167688,0.34632604526765015,0.6292189231540324,-0.6522894857650671,-0.8941428603461982,-0.6255988776104144,0.3120367291443928,-0.35287682825777533,-0.58645090167281,0
-0.6555964821912281,1.0411978131224051,-0.4392455870585682,0.6709135661498408,-1.1541949580566115,-0.5576751966801421,-0.47191025425072136,0.6289773157555623,-0.35287682825777533,1.1623264592170939,0
-0.6394089147297163,1.0411978131224051,-0.4392455870585682,0.6709135661498408,-1.1541949580566115,-0.428264556808592,-0.47191025425072136,0.6289773157555623,-0.35287682825777533,1.1623264592170939,0
-0.6232213472682046,1.0411978131224051,-0.3533236897728897,0.6222698159880645,-1.0939663013816263,-0.5835573246544484,-0.41043480490684403,0.6078479433148181,-0.35287682825777533,1.0594572026941584,0
-0.6070337798066927,1.5296853573721565,-0.12010711142604164,0.6222698159880645,-1.2545760525149205,-0.8553196683847295,-0.5794922906025066,0.854357288456839,-0.35287682825777533,-0.27784313210400347,0
-0.5908462123451809,-0.8665440826639204,1.7824491856140208,0.6848117804817769,0.5924360855179628,-1.010612436230586,-0.5180168412586293,-1.1247605968262446,-0.35287682825777533,0.6479801766024161,1
-0.5746586448836691,0.03781799250119341,0.28495326149216554,0.8237939238011381,-0.3511462023901406,-0.8941428603461982,0.0659999275082048,-0.44862067872241534,-0.35287682825777533,2.7053653070611268,1
-0.5584710774221573,-0.8038328438750534,-0.39014736003818046,0.6292189231540324,0.15075926990140376,0.5811384341895578,0.26579513787580594,-0.7937337619212451,-0.35287682825777533,-0.58645090167281,1
-0.5422835099606454,-0.6784103662973927,-0.08328344116075086,0.6153207088220963,0.2511403643597127,0.2834939624849888,0.17358196385998995,-0.751475017039756,-0.35287682825777533,-0.58645090167281,1
-0.5260959424991337,-0.7939310693294582,-0.47606925732386113,0.6083716016561284,0.19091170768472734,0.5940794981767201,0.3426394495556524,-0.7444318928928406,-0.35287682825777533,-0.58645090167281,1
-0.5099083750376219,-0.8137346184206485,-0.47606925732386113,0.6222698159880645,0.13068305100974198,0.6070205621638826,0.2965328625477444,-0.7021731480113516,-0.35287682825777533,-0.58645090167281,1
-0.49372080757611003,-0.6322020850845665,0.03946212639022055,0.6431171374859685,0.19091170768472734,-0.33767710889849223,0.2504262755398366,-0.6528712789829477,-0.35287682825777533,-0.58645090167281,1
-0.47753324011459825,-0.6916127323582107,-0.500618370834055,0.6222698159880645,0.19091170768472734,0.23172970653635774,0.17358196385998995,-0.6458281548360331,-0.35287682825777533,-0.58645090167281,1
-0.46134567265308646,-0.7378210135710369,0.628640850634886,0.5805751729922561,-0.39129864017346416,0.2964350264721328,-0.19527073220327365,-0.7162593963051811,-0.35287682825777533,0.8537186896482875,1
-0.4451581051915746,-0.8137346184206485,-0.7215603924258039,0.5805751729922561,0.913655587784551,0.2705528984978265,0.2965328625477444,-0.6951300238644368,-0.35287682825777533,-0.58645090167281,1
-0.42897053773006283,-0.8071334353902029,-0.6724621654054163,0.5805751729922561,1.3553324034011105,0.011731618754707834,0.2965328625477444,-0.6951300238644368,-0.35287682825777533,-0.58645090167281,1
-0.41278297026855104,-0.8038328438750534,-0.19375445195662536,0.5319314228304799,-0.029926700123552367,0.6717258820996576,0.17358196385998995,-0.7726043894805003,-0.35287682825777533,-0.58645090167281,1
-0.3965954028070392,-0.6289014935693438,0.0026384561249297805,0.6014224944901602,-0.39129864017346416,0.2058475785620514,0.28116400021177523,-0.6035694099545433,-0.35287682825777533,-0.58645090167281,1
-0.3804078353455274,-0.8005322523598306,-0.39014736003818046,0.5805751729922561,0.21098792657638915,0.2834939624849888,0.28116400021177523,-0.6387850306891171,-0.35287682825777533,0.33937240703360966,1
-0.3642202678840156,-1.411141682672093,1.0337012235530931,0.2817635648556297,1.2750275278344632,-0.4800288127572047,0.9266562183224867,-1.3219680729398617,-0.35287682825777533,-0.58645090167281,1
-0.34803270042250384,-0.698213915388583,-0.058734327650557014,0.6222698159880645,0.09053061322641838,0.08937800267764527,-0.0723198335155191,-0.5260950443384788,-0.35287682825777533,-0.58645090167281,1
-0.331845132960992,-0.8830470402398878,-0.20602900871172228,0.5597278514943521,0.0503781754430948,0.7752543939969013,-0.17990186986730433,-0.6528712789829477,-0.35287682825777533,-0.58645090167281,1
-0.3156575654994802,-0.6322020850845665,-0.009636100630167142,0.5597278514943521,0.15075926990140376,-0.0012094452324361439,0.26579513787580594,-0.6176556582483729,-0.35287682825777533,0.44224166355654526,1
-0.2994699980379684,-0.7213180559950695,-0.48834381407895805,0.5666769586603201,0.0704543943347566,0.3093760904592952,0.1582131015240206,-0.5894831616607139,-0.35287682825777533,-0.58645090167281,1
-0.2832824305764566,-0.6487050426606074,-1.0529734248134275,0.5527787443283839,0.853426931109566,0.749372266022595,0.20431968853192858,-0.6176556582483729,-0.35287682825777533,0.33937240703360966,1
-0.2670948631149448,0.014713851894853596,-0.5865402681197356,0.7334555306435535,-0.6723657046567288,-0.4800288127572047,0.21968855086789793,0.002139266680137999,-0.35287682825777533,1.6766727418317715,1
-0.250907295653433,-0.7642257456926728,-0.6233639383850264,0.5249823156645117,0.010225737659771217,0.5293741782409451,-0.08768869585148843,-0.4838362994569903,-0.35287682825777533,-0.58645090167281,1
-0.23471972819192116,-0.8203358014510942,-0.3533236897728897,0.5041349941666077,0.27121658325137454,0.7881954579840638,-0.6563366022823531,-0.3993188096940109,-0.35287682825777533,1.3680649722629648,1
-0.21853216073040937,-0.8137346184206485,-0.20602900871172228,0.4554912440048311,0.0503781754430948,0.5811384341895578,-0.16453300753133498,-0.519051920191564,-0.35287682825777533,-0.58645090167281,1
-0.20234459326889756,-0.6850115493278384,-0.8565805167318723,0.4485421368388632,0.09053061322641838,0.8140775859583701,0.26579513787580594,-0.5049656718977344,-0.35287682825777533,-0.58645090167281,1
-0.18615702580738577,0.07742509068364727,-0.058734327650557014,0.5180332084985437,-0.029926700123552367,-0.5059109407315111,0.0198933405002968,-0.25141320260879885,-0.35287682825777533,-0.58645090167281,1
-0.16996945834587396,0.014713851894853596,-0.47606925732386113,0.6500662446519367,-0.7727467991150377,-0.4023824288342673,0.21968855086789793,0.12187237717769107,-0.35287682825777533,0.9565879461712228,1
-0.15378189088436214,-0.3087441165949298,-1.4825829112418307,0.3929492795111187,-0.5719846101984203,1.16348631361157,0.18895082619595926,-0.040119478201351685,-0.35287682825777533,1.8824112548776422,1
-0.13759432342285036,-0.4869760584157156,-0.9056787437522622,0.1358323143703006,0.5322074288429773,0.7234901380482703,0.35800831189162174,-0.2936719474902886,-0.35287682825777533,-0.58645090167281,1
-0.12140675596133854,-0.08430389356117113,-0.5497165978544427,0.1914251716980451,-0.029926700123552367,0.3481992824207639,0.1582131015240206,-0.11759384381741632,-0.0706507264264099,-0.58645090167281,1
-0.10521918849982673,-0.5991961699325583,-0.8074822897114846,0.11498499287239658,-0.009850481231890576,0.8011365219712078,0.11210651451611262,-0.11759384381741632,-0.1311277482474168,1.6766727418317715,1
-0.08903162103831493,-0.35165180629245985,-1.2984645599153724,0.024646599714811954,0.37159767770968305,0.2834939624849888,0.31190172488371376,0.1923036186468397,-0.35287682825777533,-0.58645090167281,1
-0.07284405357680312,-0.0545985699243857,-0.9670515275277489,0.052443028378683886,-1.2344998336232589,1.4999539772776262,-0.22600845687521232,0.3261229774382223,-0.35287682825777533,1.4709342287859004,1
-0.05665648611529132,2.93243675133269,0.4813461695737207,0.3234582078514381,-1.5757955547815088,-2.6929507545608478,-0.6409677399463838,1.8896965380533282,-0.35287682825777533,-0.58645090167281,1
-0.040468918653779516,1.8927504240443205,0.5181698398390114,0.14973052870223674,-0.5519083913067585,-1.9423690433057983,-0.6409677399463838,1.2910309855655615,-0.35287682825777533,-0.58645090167281,1
-0.02428135119226771,2.107288872532411,-2.4031746678741195,-1.865510549428499,0.8735031500012274,-0.5964983886416109,0.48095921057937635,3.01659640155971,-0.35287682825777533,2.9111038201069976,1
-0.008093783730755902,4.252673357413166,-3.2869427542411156,-1.865510549428499,1.315179965617787,-3.676471617584673,0.12747537685208193,3.0588551464412,5.997210462947946,2.2938882809693846,1
0.008093783730755902,5.13723188348709,-1.359837343690857,-1.865510549428499,-0.8932041124650085,-3.223534378034229,-0.5794922906025066,5.094318024899604,-0.35287682825777533,1.8824112548776422,1
0.02428135119226771,1.2722392191865362,1.2546432451448422,-1.865510549428499,-0.8932041124650085,0.024672682741870202,-0.6102300152744452,1.805179048290349,-0.35287682825777533,0.23650315051067416,1
0.040468918653779516,-0.06119975295483132,0.38314971553294314,-1.865510549428499,-1.7765577436981266,2.328182072455595,-0.7639186386341383,1.43189346850386,-0.35287682825777533,-0.58645090167281,1
0.05665648611529132,2.731100668905418,-2.673214916486256,-1.865510549428499,-1.3549571469732293,0.7234901380482703,-0.7639186386341383,4.030806278715454,-0.35287682825777533,-0.58645090167281,1
0.07284405357680312,2.9786450325455163,-2.9309806083432983,-1.865510549428499,-1.395109584756553,0.5552563062152515,-0.7639186386341383,4.228013754829072,-0.35287682825777533,-0.58645090167281,1
0.08903162103831493,3.1040675101231767,-0.942502414017553,-1.865510549428499,-1.5557193358898471,-0.8164964764232607,-0.6717054646183225,3.8335988026018377,-0.35287682825777533,-0.58645090167281,1
0.10521918849982673,0.18304401917011762,0.06401123990041657,0.7959974951372659,-0.3712224212818024,-0.13062008510400466,0.11210651451611262,-0.5260950443384788,-0.35287682825777533,0.8537186896482875,1
0.12140675596133854,0.03451740098604388,-0.37787280328308354,0.8932849954608187,-0.511755953523435,-0.2729717889627172,0.1582131015240206,-0.37114631310635193,-0.35287682825777533,-0.58645090167281,1
0.13759432342285036,0.03121680947089436,0.0026384561249297805,0.8376921381330742,-0.23068888904016985,-0.35061817288565456,0.0198933405002968,-0.47679317531007553,-0.35287682825777533,-0.58645090167281,1
0.15378189088436214,-0.024893246287600267,-0.20602900871172228,0.8446412452990422,-0.07007913790687595,-0.41532349282142966,0.08136878984417412,-0.45566380286933006,-0.35287682825777533,0.44224166355654526,1
0.16996945834587396,-0.424264819626922,0.38314971553294314,0.6917608876477451,0.7329696177595953,-0.7647322204746297,0.21968855086789793,-0.7585181411866707,-0.35287682825777533,-0.58645090167281,1
0.18615702580738577,-0.5397855226589875,-0.13238166818113856,0.6639644589838729,0.17083548879306557,-0.156502213078311,0.23505741320386725,-0.6528712789829477,-0.35287682825777533,2.3967575374923196,1
0.20234459326889756,-0.6090979444781535,0.18675680745138798,0.6153207088220963,0.0503781754430948,-0.2600307249755548,0.21968855086789793,-0.7021731480113516,-0.35287682825777533,-0.58645090167281,1
0.21853216073040937,0.024615626440448738,-0.19375445195662536,0.7473537449754893,-0.25076510793183165,-0.32473604491132985,0.12747537685208193,-0.3781894372532667,-0.35287682825777533,-0.58645090167281,1
0.23471972819192116,-0.5727914378109957,-0.5865402681197356,0.5944733873241923,0.3515214588180217,0.3999635383693766,0.21968855086789793,-0.6528712789829477,-0.35287682825777533,1.573803485308836,1
0.250907295653433,-0.493577241446088,-0.2183035654668192,0.5944733873241923,0.0704543943347566,0.24467077052352013,0.09673765218014345,-0.6035694099545433,-0.35287682825777533,-0.58645090167281,1
0.2670948631149448,-0.42756541114207147,0.08856035341061043,0.5527787443283839,0.5322074288429773,-0.16944327706547338,0.18895082619595926,-0.6810437755706067,-0.35287682825777533,-0.58645090167281,1
0.2832824305764566,1.1237126010024625,-0.25512723573211216,0.6917608876477451,-0.5920608290900821,0.12820119463911397,0.0659999275082048,-0.30775819578411806,-0.35287682825777533,-0.58645090167281,1
0.2994699980379684,0.11703218886610113,-0.5865402681197356,0.677862673315809,0.23106414546805093,-0.18238434105261736,0.12747537685208193,-0.2866288233433726,-0.35287682825777533,0.6479801766024161,1
0.3156575654994802,-0.5595890717501778,-0.5742657113646387,0.6431171374859685,-0.3712224212818024,0.12820119463911397,0.09673765218014345,-0.25141320260879885,-0.35287682825777533,-0.58645090167281,1
0.331845132960992,0.8068558155431247,0.45679705606352466,-0.2811141155877827,-0.029926700123552367,-0.8553196683847295,-0.01084438417164186,0.6289773157555623,-0.35287682825777533,1.1623264592170939,1
0.34803270042250384,0.7639481258455213,0.17448225069629106,-0.41314715174117567,0.4519025532763302,-0.6094394526287549,0.05063106517223546,0.4317698396419459,0.19141636813128654,1.1623264592170939,1
0.3642202678840156,0.6055197331158524,0.7022881911654697,-0.9273810820228116,0.37159767770968305,-1.1529641400892985,-0.16453300753133498,1.1290391301865201,-0.35287682825777533,1.2651957157400293,1
0.3804078353455274,1.1237126010024625,0.4199733857982339,-1.1636507256657254,-0.17046023236518446,-0.5964983886416109,-0.2567461815471509,1.5375403307075837,-0.35287682825777533,-0.58645090167281,1
0.3965954028070392,2.5660710931453763,0.3586006020227471,-1.865510549428499,-0.17046023236518446,-1.8258994674214106,-0.47191025425072136,3.1574588844980074,-0.35287682825777533,0.44224166355654526,1
0.41278297026855104,-0.0777027105307988,0.027187569635123626,0.9002341026267866,-0.5318321724150967,-0.2082664690269421,0.12747537685208193,-0.5683537892199684,-0.35287682825777533,-0.58645090167281,1
0.42897053773006283,-0.12061040022840218,0.3708751587778462,0.8654885667969465,0.19091170768472734,-1.0882588201535235,0.0659999275082048,-0.5260950443384788,-0.35287682825777533,0.9565879461712228,1
0.4451581051915746,-0.08430389356117113,-0.09555799791584779,0.809895709469202,-0.39129864017346416,0.1670243866005827,0.03526220283626613,-0.5894831616607139,-0.35287682825777533,-0.58645090167281,1
0.46134567265308646,-0.15691690689563323,-0.2674017924872091,0.8446412452990422,-0.2909175457151552,-0.41532349282142966,0.08136878984417412,-0.3641031889594372,-0.35287682825777533,2.2938882809693846,1
0.47753324011459825,-0.1008068511372119,-0.500618370834055,0.7751501736393616,-0.7325943613317142,0.5423152422280891,0.09673765218014345,-0.4063619338409256,-0.35287682825777533,0.6479801766024161,1
0.49372080757611003,-0.4143630450813268,-0.6356384951401233,0.6500662446519367,0.2511403643597127,0.3999635383693766,0.17358196385998995,-0.5965262858076286,-0.35287682825777533,-0.58645090167281,1
0.5099083750376219,-0.5364849311437646,-0.7583840626910969,0.5805751729922561,0.19091170768472734,0.9176060978556139,0.2504262755398366,-0.7444318928928406,-0.35287682825777533,-0.58645090167281,1
0.5260959424991337,-0.5364849311437646,-0.6601876086503193,0.6083716016561284,0.39167389660134483,0.6329026901381889,0.23505741320386725,-0.6810437755706067,-0.35287682825777533,-0.58645090167281,1
0.5422835099606454,-0.4836754669005661,-0.09555799791584779,0.5944733873241923,0.3314452399263599,-0.14356114909114864,0.28116400021177523,-0.5965262858076286,-0.35287682825777533,-0.58645090167281,1
0.5584710774221573,0.04771976704686184,-0.25512723573211216,0.6570153518179047,-0.752670580223376,0.23172970653635774,0.11210651451611262,-0.3852325614001814,-0.17144576279475474,1.1623264592170939,1
0.5746586448836691,-0.5760920293261452,-0.6847367221605132,0.573626065826288,-0.009850481231890576,0.4646688583051701,0.28116400021177523,-0.5120087960446492,-0.2319227846157616,1.9852805114005778,1
0.5908462123451809,-0.42096422811169915,-0.500618370834055,0.5458296371624161,0.6928171799762717,0.08937800267764527,0.2504262755398366,-0.5472244167792242,-0.35287682825777533,-0.58645090167281,1
0.6070337798066927,-0.5826932123565909,-0.512892927589152,0.34430552934934244,-0.4314510779567878,0.412904602356539,0.12747537685208193,-0.1035075955235856,-0.35287682825777533,1.8824112548776422,1
0.6232213472682046,0.008112668864407974,-0.6847367221605132,0.6848117804817769,-0.411374859065126,-0.10473795712969831,0.18895082619595926,-0.19506820943347972,-0.35287682825777533,3.0139730766299326,1
0.6394089147297163,-0.2229287371996497,0.29722781824726247,0.677862673315809,-0.6723657046567288,0.15408332261342034,-0.5948611529384759,-0.25141320260879885,-0.35287682825777533,-0.58645090167281,2
0.6555964821912281,-0.7477227881166321,-0.09555799791584779,0.5875242801582241,-0.21061267014850804,0.024672682741870202,0.09673765218014345,-0.4415775545755006,-0.35287682825777533,-0.58645090167281,2
0.67178404965274,-0.5496872972045826,-0.20602900871172228,0.6153207088220963,-0.13030779458186134,0.06349587470333892,0.09673765218014345,-0.3641031889594372,-0.35287682825777533,0.44224166355654526,2
0.6879716171142517,-0.6388032681150122,-1.5316811382622184,0.5805751729922561,-0.19053645125684626,0.3093760904592952,0.11210651451611262,-0.3007150716372033,-0.35287682825777533,-0.58645090167281,2
0.7041591845757635,-0.5661902547805501,-0.3287745762626937,0.5319314228304799,0.6325885233012863,-0.22120753301408608,0.1582131015240206,-0.4063619338409256,-0.35287682825777533,1.1623264592170939,2
0.7203467520372754,0.9586830252424212,1.1196231208387737,0.8446412452990422,-1.2344998336232589,-1.4894318037553544,-0.7639186386341383,0.3754248464666267,-0.35287682825777533,-0.58645090167281,2
0.7365343194987871,-0.18992282204764147,0.28495326149216554,0.6709135661498408,-1.5958717736731707,0.4517277943180077,-0.6717054646183225,-0.01899010576060747,-0.35287682825777533,-0.58645090167281,2
0.752721886960299,-0.7477227881166321,0.014913012880026704,0.4971858870006394,-0.45152729684844956,0.05055481071617655,0.14284423918805128,-0.44862067872241534,-0.35287682825777533,-0.58645090167281,2
0.7689094544218107,-0.4704731008397482,-0.6724621654054163,0.6222698159880645,-0.27084132682349343,-0.05297370118106723,0.17358196385998995,-0.11759384381741632,-0.35287682825777533,-0.58645090167281,2
0.7850970218833225,-0.6289014935693438,-0.4515201438136673,0.4971858870006394,-0.3712224212818024,0.4646688583051701,0.03526220283626613,-0.26549945090262833,-0.35287682825777533,-0.58645090167281,2
0.8012845893448344,-0.5991961699325583,0.0026384561249297805,0.4902367798346715,-0.3310699834984788,-0.014150509219598512,0.03526220283626613,-0.21619758187422392,-0.35287682825777533,-0.58645090167281,2
0.8174721568063461,0.9388794761511576,0.7636609749409543,0.7473537449754893,-1.7364053059148032,-1.1141409481278297,-0.5948611529384759,0.48811483281726503,-0.35287682825777533,-0.58645090167281,2
0.833659724267858,-0.19982459659323662,0.14993313718609505,0.5041349941666077,0.15075926990140376,-0.7906143484489361,0.12747537685208193,-0.11759384381741632,-0.35287682825777533,-0.58645090167281,2
0.8498472917293698,-0.13381276628922015,0.11310946692080427,0.4693894583367672,0.37159767770968305,-0.9200249883205045,0.11210651451611262,-0.1035075955235856,-0.35287682825777533,0.33937240703360966,2
0.8660348591908815,-0.014991471741931836,-0.09555799791584779,0.4554912440048311,0.19091170768472734,-0.6612037085773859,0.09673765218014345,0.023268639120882218,-0.35287682825777533,-0.58645090167281,2
0.8822224266523934,0.3216688628085229,0.28495326149216554,0.5944733873241923,-1.395109584756553,-0.0012094452324361439,-0.5180168412586293,-0.04716260234826643,-0.050491719152740984,1.8824112548776422,2
0.8984099941139052,1.2359327125193051,0.9600538830225094,0.7612519593074254,-1.0738900824899644,-1.6706066995755358,-0.41043480490684403,0.1289155013246058,-0.35287682825777533,3.219711589675804,2
0.9145975615754169,-1.0645795735759698,0.7391118614307605,-0.0031498289490602856,4.125850610450435,-3.572943105687429,1.8180502338087068,-2.174186094716563,4.082104771949395,-0.58645090167281,3
0.9307851290369288,0.2589576240197292,-0.8320314032216785,-0.5799257237244089,0.8333507122179042,0.05055481071617655,0.1582131015240206,0.7980122952815198,-0.35287682825777533,-0.58645090167281,3
0.9469726964984406,1.1039090519112722,-2.268154543568049,-0.5590784022265048,0.23106414546805093,0.2705528984978265,-0.041582108843580524,1.7277046826742855,-0.35287682825777533,-0.58645090167281,3
0.9631602639599524,1.0378972216072557,-2.918706051588201,-0.6772132240479617,0.23106414546805093,1.0211346097528577,0.12747537685208193,1.8756102897594975,-0.35287682825777533,-0.58645090167281,3
0.9793478314214642,0.4371895658405884,-0.942502414017553,-1.865510549428499,0.4117501154930066,1.4223075933546887,-0.17990186986730433,1.8122221724372636,-0.35287682825777533,-0.58645090167281,3
0.995535398882976,-0.5628896632653273,-0.6724621654054163,-1.865510549428499,0.7731220555429189,1.5905414251877077,0.7268610079548853,0.854357288456839,-0.35287682825777533,-0.58645090167281,3
1.0117229663444878,0.5197043537206456,-0.1692053384464315,-1.865510549428499,0.6325885233012863,0.4905509862794764,-0.041582108843580524,1.6643165653520515,-0.35287682825777533,-0.58645090167281,3
1.0279105338059997,1.7574261719210647,0.03946212639022055,-1.865510549428499,0.27121658325137454,-0.5576751966801421,-0.27211504388312024,2.3122839868682212,-0.35287682825777533,-0.58645090167281,3
1.0440981012675115,-1.7180966935857622,-0.47606925732386113,-1.865510549428499,3.2023445414339937,-2.809420330445236,8.780144872002806,-1.4064855627028405,-0.35287682825777533,-0.58645090167281,3
1.0602856687290232,-1.7015937360097948,-0.500618370834055,-1.865510549428499,3.16219210365067,-2.524716922727811,8.780144872002806,-1.4276149351435854,-0.35287682825777533,-0.58645090167281,3
1.0764732361905351,0.681433337965464,-0.03418521414036099,-1.865510549428499,-0.09015535679853774,-0.5188520047186734,-0.2567461815471509,2.495405214688008,-0.35287682825777533,-0.58645090167281,3
1.0926608036520469,0.7309422106934398,-0.6847367221605132,-0.7467042957076421,1.4557134978594188,-0.6094394526287549,0.40411489889952973,0.5233304535518387,0.13093934631027962,4.659881180996901,3
1.1088483711135586,0.9322782931207854,-0.5374420410993458,-1.636190012951553,0.13068305100974198,0.9564292898170826,-0.5641234282665373,1.6291009446174767,-0.35287682825777533,2.2938882809693846,3
1.1250359385750706,0.225951708867721,0.7268373046756635,-0.20467393676213388,0.23106414546805093,-0.36355923687279856,-0.7639186386341383,0.4317698396419459,-0.35287682825777533,-0.58645090167281,4
1.1412235060365823,0.33157063735419134,0.4690716128186216,-0.19077572243019775,-0.511755953523435,0.14114225862627636,-0.7639186386341383,0.5726323225802431,-0.35287682825777533,-0.58645090167281,4
1.157411073498094,-0.024893246287600267,1.291466915410135,-0.30891054425165465,0.3515214588180217,-0.35061817288565456,-0.7639186386341383,0.21343299108758393,-0.35287682825777533,-0.58645090167281,4
1.173598640959606,0.051020358562084644,0.8373083154715381,-0.34365608008149506,0.4318263343846684,0.024672682741870202,-0.7639186386341383,0.25569173596907363,-0.35287682825777533,-0.58645090167281,4
1.1897862084211177,-1.7742067493441835,1.2178195748795513,-0.6563659025500574,0.19091170768472734,2.457592712327145,-0.7639186386341383,-0.9627687414472026,-0.35287682825777533,-0.58645090167281,4
1.2059737758826294,0.16984165310929966,1.942018423430285,-1.3234801904829907,0.5924360855179628,-0.19532540503977971,-0.7639186386341383,0.699408557224711,-0.35287682825777533,-0.58645090167281,4
1.2221613433441414,0.26225821553495204,0.9109556560021217,-1.865510549428499,1.2951037467261246,0.1152601306519516,-0.7639186386341383,1.3544191028877968,-0.35287682825777533,-0.58645090167281,4
1.2383489108056531,0.4371895658405884,1.4142124829611065,-1.865510549428499,-1.7765577436981266,1.0728988657014886,-0.7639186386341383,1.593885323882903,-0.35287682825777533,-0.58645090167281,4
1.2545364782671649,-2.381515588141223,4.875637487898511,-1.865510549428499,-2.2182345593146855,3.5705242152225387,-0.7639186386341383,-1.6248224112572018,-0.35287682825777533,-0.58645090167281,4
1.2707240457286768,-2.3287061238980247,0.34632604526765015,0.35820374368127855,0.7329696177595953,0.2058475785620514,1.9410011324964616,-2.484083557180819,2.0460450373088306,-0.58645090167281,5
1.2869116131901885,0.004812077349185164,1.1196231208387737,0.3998983866770866,1.5560945923177283,-1.8129584034342483,1.4799352624173818,-2.2305310878918827,2.9330413573502647,-0.58645090167281,5
1.3030991806517003,1.5791942301002055,0.03946212639022055,0.4554912440048311,-0.4314510779567878,-0.35061817288565456,0.1582131015240206,-0.08942134722975612,-0.35287682825777533,-0.58645090167281,5
1.3192867481132122,1.35475400706652,1.7824491856140208,-0.33670697291552687,1.2348750900511396,-3.0941237381626605,0.40411489889952973,0.5655891984333284,-0.35287682825777533,-0.58645090167281,5
1.335474315574724,1.7442238058602466,2.923982963838059,-0.5938239380563449,-0.27084132682349343,-2.8741256503810106,-0.28748390621908954,-0.24437007846188413,3.0338363937186092,-0.58645090167281,5
1.3516618830362357,-0.7378210135710369,0.5795426236144983,-0.6285694738861852,0.6928171799762717,0.5811384341895578,-0.7639186386341383,-0.20211133358039446,1.1792077245410655,-0.58645090167281,5
1.3678494504977476,-0.7741275202381946,1.7701746288589237,-1.865510549428499,1.877314094584316,0.8140775859583701,-0.7639186386341383,-0.13872321625816053,0.937299637257038,0.33937240703360966,5
1.3840370179592594,-0.7048150984190287,0.9723284397776063,-1.865510549428499,2.7004390691424494,1.047016737727164,-0.7024431892902612,0.05848425985545591,0.453483462688983,0.33937240703360966,5
1.400224585420771,-0.3879583129596909,1.6474290613079523,-1.865510549428499,1.114417776701169,0.477609922292314,-0.7639186386341383,-0.3007150716372033,2.852405328255589,0.23650315051067416,5
1.416412152882283,-0.5067796075069793,1.4142124829611065,-1.865510549428499,1.0742653389178454,0.8270186499455324,-0.7639186386341383,-0.30775819578411806,2.812087313708251,0.1336338939877387,5
1.4325997203437948,-0.9622612366047223,0.8986810992470248,-1.865510549428499,2.47960066133417,0.9564292898170826,-0.6409677399463838,0.07961363229620139,0.8768226154360311,-0.07210461905813238,5
1.4487872878053065,-0.9259547299374912,0.5672680668593991,-1.865510549428499,2.198533596850905,0.749372266022595,-0.5487545659305679,0.3190798532913075,1.2800027609094105,-0.48358164514987445,5
1.4649748552668185,-0.361553580838055,1.5860562775324656,-1.865510549428499,1.797009219017669,0.8140775859583701,-0.7639186386341383,-0.0049038574667779914,0.977617651804376,-0.58645090167281,5
1.4811624227283302,-1.0084695178175485,1.1932704613693574,-1.865510549428499,2.4394482235508463,0.5811384341895578,-0.7024431892902612,0.08665675644311613,0.937299637257038,-0.58645090167281,5
1.497349990189842,-0.7510233796318548,1.966567536940479,-1.865510549428499,2.138304940175919,0.5164331142537827,-0.6870743269542918,-0.08942134722975612,0.7155505572466795,-0.58645090167281,5
1.513537557651354,-1.08438312266716,2.1384113315118403,-1.865510549428499,1.6163232489927133,1.098780993675795,-0.7639186386341383,-0.43453443042858586,0.9171406299833691,-0.58645090167281,5
1.5297251251128656,-0.605797352963004,-1.7894468301192603,-1.865510549428499,-0.511755953523435,3.2728797435179695,3.3856741920775777,-0.01899010576060747,-0.35287682825777533,-0.58645090167281,5
1.5459126925743774,-1.0645795735759698,1.7701746288589237,-1.865510549428499,1.9576189701509632,1.3834844013932202,-0.7639186386341383,-0.3993188096940109,0.7760275790676865,-0.58645090167281,5
1.562100260035889,-0.5892943953870364,1.7088018450834392,-1.865510549428499,1.094341557809507,0.5940794981767201,-0.7639186386341383,-0.47679317531007553,3.094313415539616,-0.58645090167281,5
1.578287827497401,-0.724618647510219,1.8929201964098952,-1.865510549428499,1.6564756867760368,0.8399597139326764,-0.7639186386341383,-0.17393883699273424,0.9977766590780449,-0.58645090167281,5
1.5944753949589128,-0.3450506232620875,1.8929201964098952,-1.865510549428499,0.7128933988679335,0.4387867303308453,-0.7639186386341383,-0.24437007846188413,2.7717692991609133,-0.58645090167281,5
1.6106629624204245,-0.6322020850845665,1.8806456396547984,-1.865510549428499,0.853426931109566,0.5940794981767201,-0.7639186386341383,-0.20211133358039446,2.4290661755085408,-0.58645090167281,5
1.6268505298819365,-0.018292063257154646,1.2055450181244545,-1.865510549428499,0.7530458366512571,0.2705528984978265,1.4030909507375353,-1.7515986459016704,5.452917266558884,-0.58645090167281,5
1.6430380973434482,-0.6487050426606074,1.1809959046142584,-1.865510549428499,2.6000579746841406,0.2576118345106641,-0.7639186386341383,0.34725234987896647,0.7357095645203485,-0.58645090167281,5
1.65922566480496,-0.7048150984190287,0.8986810992470248,-1.865510549428499,2.881125039167405,-0.05297370118106723,-0.6409677399463838,0.15708799791226477,1.7839779427511342,-0.58645090167281,5
1.6754132322664719,-0.5001784244765336,1.8560965261446045,-1.865510549428499,1.094341557809507,0.5293741782409451,-0.7639186386341383,-0.3922756855470962,2.852405328255589,-0.58645090167281,5
1.6916007997279836,0.7540463512999261,1.1687213478591614,-1.865510549428499,1.1545702144844925,0.9952524817785513,-0.7639186386341383,-0.3641031889594372,2.9532003646239335,-0.58645090167281,5
1.7077883671894953,-0.6123985359933762,1.1932704613693574,-1.865510549428499,0.9939604633511981,1.2411326975345076,-0.7639186386341383,-0.335930692371777,2.812087313708251,-0.58645090167281,5
1.7239759346510073,-0.4143630450813268,1.0091521100428993,-1.865510549428499,1.2750275278344632,0.9176060978556139,-0.7639186386341383,-0.2373269543149694,3.0136773864449404,-0.58645090167281,5
